accident_year,weekNum,speed_limit
1979,1,38.671875
1979,2,38.92385787
1979,3,40.38547736
1979,4,40.14281971
1979,5,39.88290132
1979,6,38.34658188
1979,7,40.25398541
1979,8,39.56191166
1979,9,38.69138277
1979,10,38.44154589
1979,11,39.59354839
1979,12,38.50790936
1979,13,38.02048595
1979,14,39.16209774
1979,15,39.27454659
1979,16,39.08833255
1979,17,37.61499224
1979,18,37.95508274
1979,19,38.63028953
1979,20,38.01036683
1979,21,38.31867917
1979,22,39.36341463
1979,23,37.75886382
1979,24,38.77812907
1979,25,38.99335615
1979,26,38.76995727
1979,27,39.54183673
1979,28,39.2360621
1979,29,39.16711646
1979,30,39.66653666
1979,31,38.10771306
1979,32,38.59622923
1979,33,39.30049448
1979,34,39.35215947
1979,35,39.41935484
1979,36,38.73441679
1979,37,38.96415348
1979,38,38.59026549
1979,39,38.42500469
1979,40,39.11390969
1979,41,38.5659876
1979,42,37.97297297
1979,43,38.49941928
1979,44,38.32394976
1979,45,38.39395137
1979,46,38.0974084
1979,47,38.85138813
1979,48,38.09139292
1979,49,38.62283144
1979,50,38.03230592
1979,51,39.0371455
1979,52,40.35132383
1980,1,38.20127075
1980,2,38.16344464
1980,3,38.78125
1980,4,38.69212267
1980,5,37.8612578
1980,6,38.00545874
1980,7,38.04412779
1980,8,38.23447958
1980,9,38.16786571
1980,10,38.26496088
1980,11,37.91011479
1980,12,38.47354138
1980,13,37.98897212
1980,14,39.33212752
1980,15,38.083971
1980,16,37.65031099
1980,17,37.63181214
1980,18,37.89949988
1980,19,38.98165718
1980,20,38.1504393
1980,21,38.37323643
1980,22,39.15370705
1980,23,38.68944505
1980,24,38.73658445
1980,25,38.13518407
1980,26,38.64403131
1980,27,38.62628165
1980,28,38.94649483
1980,29,38.77041117
1980,30,38.96677472
1980,31,38.1092437
1980,32,38.31592862
1980,33,39.3772546
1980,34,39.17966313
1980,35,39.81633882
1980,36,38.1576813
1980,37,38.60167539
1980,38,38.5042735
1980,39,38.11536209
1980,40,37.80257802
1980,41,37.91352293
1980,42,37.92782941
1980,43,37.98016795
1980,44,37.29855896
1980,45,38.67893114
1980,46,37.7560241
1980,47,37.69267274
1980,48,38.35469677
1980,49,38.07441961
1980,50,38.2615326
1980,51,38.78360868
1980,52,39.01873845
1981,1,39.27655678
1981,2,38.36843225
1981,3,38.76929326
1981,4,37.87544883
1981,5,37.92443064
1981,6,37.93450065
1981,7,37.51730456
1981,8,37.89285714
1981,9,37.55740107
1981,10,37.79689494
1981,11,37.84103586
1981,12,37.50382848
1981,13,37.37169852
1981,14,37.95993876
1981,15,38.35394283
1981,16,38.24825249
1981,17,39.11348006
1981,18,36.85335229
1981,19,38.23951199
1981,20,37.89153336
1981,21,38.03615863
1981,22,38.9375833
1981,23,37.5755102
1981,24,39.31121931
1981,25,38.15321906
1981,26,38.41095015
1981,27,37.69239449
1981,28,38.40662591
1981,29,38.8503612
1981,30,39.20650096
1981,31,38.45458368
1981,32,38.24961102
1981,33,38.86643051
1981,34,38.67264664
1981,35,38.88230486
1981,36,37.41368928
1981,37,38.39955175
1981,38,38.48230247
1981,39,38.19721011
1981,40,37.33320251
1981,41,37.94739988
1981,42,37.85681958
1981,43,37.72571325
1981,44,37.67132991
1981,45,37.90024886
1981,46,38.2321957
1981,47,38.12890164
1981,48,37.55142703
1981,49,37.61485927
1981,50,38.97427868
1981,51,39.35226991
1981,52,39.66002886
1981,53,39.13038205
1982,1,38.36497482
1982,2,38.31670588
1982,3,38.55397062
1982,4,37.06917927
1982,5,37.60553942
1982,6,38.53910882
1982,7,37.86166008
1982,8,37.90592784
1982,9,38.40375587
1982,10,38.30213904
1982,11,37.23444774
1982,12,37.51701427
1982,13,37.11063011
1982,14,38.2728146
1982,15,37.81685468
1982,16,37.36756405
1982,17,37.04371705
1982,18,38.45391375
1982,19,38.0037037
1982,20,37.47308385
1982,21,38.38377599
1982,22,38.39767493
1982,23,38.63708399
1982,24,38.26306234
1982,25,38.45301069
1982,26,38.12388997
1982,27,37.89220806
1982,28,38.61534206
1982,29,38.70734147
1982,30,38.9748954
1982,31,38.24457395
1982,32,38.41370954
1982,33,38.34878674
1982,34,38.37507224
1982,35,38.61068896
1982,36,37.14298961
1982,37,38.1246279
1982,38,38.20093055
1982,39,37.51800917
1982,40,38.2329497
1982,41,37.36995039
1982,42,37.6278264
1982,43,37.97020854
1982,44,38.50033929
1982,45,38.83463423
1982,46,37.63857118
1982,47,37.95733627
1982,48,38.32992641
1982,49,38.0180353
1982,50,38.39591045
1982,51,37.68343195
1982,52,38.86684073
1982,53,37.4601227
1983,1,38.48055018
1983,2,37.84755134
1983,3,37.58909606
1983,4,37.61936049
1983,5,38.43118835
1983,6,38.3717629
1983,7,37.34409449
1983,8,37.55378584
1983,9,37.61391778
1983,10,38.48800834
1983,11,37.1662713
1983,12,37.09259659
1983,13,36.76433399
1983,14,38.20720721
1983,15,37.48043011
1983,16,37.48173614
1983,17,36.53956994
1983,18,37.95828784
1983,19,37.65939279
1983,20,37.39541919
1983,21,37.69775187
1983,22,38.15149235
1983,23,37.92702536
1983,24,37.54612159
1983,25,37.93404973
1983,26,37.27882327
1983,27,37.88655287
1983,28,38.03262579
1983,29,37.9656275
1983,30,38.34911486
1983,31,37.97328244
1983,32,38.26151837
1983,33,38.30111065
1983,34,38.60760626
1983,35,38.04621849
1983,36,37.81135531
1983,37,38.1132627
1983,38,37.80820534
1983,39,37.67804657
1983,40,38.62068966
1983,41,37.65841763
1983,42,37.47516724
1983,43,37.6550842
1983,44,37.13044459
1983,45,37.85361842
1983,46,37.29934924
1983,47,37.9023176
1983,48,36.79621849
1983,49,37.8776164
1983,50,37.55634861
1983,51,36.95301472
1983,52,37.92518076
1984,1,38.20427367
1984,2,37.98812692
1984,3,37.66103604
1984,4,37.83413038
1984,5,37.51579612
1984,6,38.23139557
1984,7,37.56690998
1984,8,37.55454768
1984,9,37.35724234
1984,10,37.98894921
1984,11,36.9842248
1984,12,37.5498008
1984,13,37.02052664
1984,14,37.51193059
1984,15,37.43556422
1984,16,37.80171592
1984,17,38.21337308
1984,18,36.91211122
1984,19,37.84720842
1984,20,37.49852042
1984,21,37.67976349
1984,22,37.42135476
1984,23,38.04551148
1984,24,38.09448522
1984,25,38.01073171
1984,26,37.33531157
1984,27,37.84266197
1984,28,38.66812227
1984,29,38.31107458
1984,30,38.39905827
1984,31,37.81925344
1984,32,38.70672253
1984,33,38.67027027
1984,34,38.55588547
1984,35,37.91778281
1984,36,37.7139444
1984,37,38.53055115
1984,38,38.40624423
1984,39,37.8510427
1984,40,37.70016508
1984,41,37.95905421
1984,42,37.68165434
1984,43,38.52730763
1984,44,37.91859487
1984,45,37.58317834
1984,46,37.64269306
1984,47,37.58493986
1984,48,37.47549286
1984,49,37.80442804
1984,50,37.35894251
1984,51,37.78871391
1984,52,38.85590692
1985,1,37.99237127
1985,2,38.34692528
1985,3,38.06906163
1985,4,38.04745691
1985,5,37.55941591
1985,6,38.30685101
1985,7,37.56233001
1985,8,37.92925744
1985,9,38.38247338
1985,10,37.48466258
1985,11,37.66212711
1985,12,37.87121576
1985,13,38.09959803
1985,14,37.43438914
1985,15,38.46428571
1985,16,37.65648496
1985,17,37.45229441
1985,18,37.89156627
1985,19,37.90532123
1985,20,37.90822785
1985,21,37.86007808
1985,22,38.18554821
1985,23,38.10233683
1985,24,38.28548065
1985,25,38.34371351
1985,26,38.37117267
1985,27,38.0248333
1985,28,38.51256467
1985,29,38.96197719
1985,30,38.97425743
1985,31,39.08746095
1985,32,38.246621
1985,33,39.42281321
1985,34,39.19351591
1985,35,38.69812145
1985,36,38.25057208
1985,37,38.22672287
1985,38,38.04024768
1985,39,38.35331166
1985,40,37.99487179
1985,41,38.59449659
1985,42,37.57790673
1985,43,37.26872999
1985,44,37.16967126
1985,45,38.2605077
1985,46,37.95591527
1985,47,37.72192127
1985,48,38.3305196
1985,49,37.44300402
1985,50,37.82198444
1985,51,37.64900168
1985,52,38.86873655
1986,1,38.16019744
1986,2,38.47843292
1986,3,37.66820276
1986,4,37.63894782
1986,5,37.49396533
1986,6,38.01359927
1986,7,38.26122354
1986,8,37.68468022
1986,9,37.1388035
1986,10,38.67178947
1986,11,38.00894378
1986,12,38.00860927
1986,13,38.91275465
1986,14,39.35393911
1986,15,38.30166033
1986,16,37.84665508
1986,17,37.8669168
1986,18,38.52075122
1986,19,38.81046294
1986,20,37.74005655
1986,21,38.09087205
1986,22,38.20975715
1986,23,38.78821201
1986,24,38.49835622
1986,25,38.34410935
1986,26,38.6060864
1986,27,37.84518272
1986,28,39.24389217
1986,29,38.75917768
1986,30,39.09819121
1986,31,38.23929961
1986,32,38.38689171
1986,33,38.87864366
1986,34,39.35981681
1986,35,39.55550651
1986,36,38.30859681
1986,37,38.32335947
1986,38,38.44133842
1986,39,38.31205367
1986,40,37.48770675
1986,41,38.63459038
1986,42,38.50627292
1986,43,38.81556096
1986,44,38.40470631
1986,45,37.99109083
1986,46,37.81519716
1986,47,38.10729838
1986,48,38.85178408
1986,49,38.03322491
1986,50,38.88857251
1986,51,38.75750653
1986,52,38.90550741
1987,1,38.63286881
1987,2,38.42066116
1987,3,39.81264368
1987,4,38.93798024
1987,5,37.83170732
1987,6,38.39185696
1987,7,38.12589019
1987,8,38.0218503
1987,9,38.41309824
1987,10,38.15174239
1987,11,38.01603395
1987,12,37.88965517
1987,13,38.23394495
1987,14,38.94400409
1987,15,38.67684954
1987,16,38.81661066
1987,17,38.39915021
1987,18,37.37879842
1987,19,39.03306301
1987,20,38.33954997
1987,21,38.51354377
1987,22,38.99645892
1987,23,37.8190725
1987,24,39.52823354
1987,25,38.51606426
1987,26,39.3463043
1987,27,37.6475261
1987,28,38.43403283
1987,29,39.12993803
1987,30,38.45082827
1987,31,38.39014279
1987,32,37.88228799
1987,33,39.03866186
1987,34,39.09674195
1987,35,39.06638116
1987,36,38.26329231
1987,37,39.0150318
1987,38,38.84146105
1987,39,38.13553042
1987,40,37.11089682
1987,41,38.35811648
1987,42,38.28539618
1987,43,38.58056872
1987,44,38.58083705
1987,45,38.05091694
1987,46,39.0860272
1987,47,37.95231712
1987,48,38.89522901
1987,49,38.55285592
1987,50,39.01752619
1987,51,38.40128871
1987,52,39.11350346
1987,53,38.70381406
1988,1,39.4942366
1988,2,38.50367079
1988,3,38.83154348
1988,4,37.9051461
1988,5,38.91139546
1988,6,38.70958394
1988,7,38.28446553
1988,8,38.32466896
1988,9,38.56244282
1988,10,38.9133959
1988,11,38.56462303
1988,12,37.79329102
1988,13,38.34943005
1988,14,39.57238456
1988,15,39.00233595
1988,16,37.90004606
1988,17,38.01906257
1988,18,38.67956656
1988,19,38.68856974
1988,20,37.83286486
1988,21,39.17161845
1988,22,38.78856877
1988,23,38.55540028
1988,24,38.29073909
1988,25,38.76483713
1988,26,38.65077139
1988,27,38.73013138
1988,28,39.65468048
1988,29,38.79308892
1988,30,38.86663826
1988,31,39.01604052
1988,32,39.11174319
1988,33,39.56142112
1988,34,39.21175713
1988,35,38.78793377
1988,36,39.19858156
1988,37,38.49787686
1988,38,39.11181924
1988,39,38.0015083
1988,40,39.31568135
1988,41,38.57420389
1988,42,38.7704949
1988,43,39.07012432
1988,44,38.34236253
1988,45,39.06976251
1988,46,39.0380034
1988,47,38.96630608
1988,48,37.80701425
1988,49,38.88423041
1988,50,38.76300696
1988,51,38.45224131
1988,52,39.15892193
1988,53,37.69875776
1989,1,38.93457137
1989,2,38.75130637
1989,3,38.89219331
1989,4,38.70613585
1989,5,38.60630481
1989,6,38.77307692
1989,7,38.24699544
1989,8,38.37672282
1989,9,38.19274611
1989,10,39.20078986
1989,11,38.28055783
1989,12,39.1344355
1989,13,38.64337349
1989,14,38.19109076
1989,15,38.66091729
1989,16,37.94152692
1989,17,38.53776562
1989,18,38.7776607
1989,19,39.38242793
1989,20,38.41507496
1989,21,38.48143026
1989,22,38.61549647
1989,23,39.51126863
1989,24,38.89366992
1989,25,38.94332373
1989,26,38.89730135
1989,27,39.15315488
1989,28,39.32005004
1989,29,39.03506994
1989,30,39.52553277
1989,31,38.46326668
1989,32,39.38859715
1989,33,39.2761811
1989,34,39.9207081
1989,35,38.59775087
1989,36,39.25021061
1989,37,39.52205387
1989,38,38.60685914
1989,39,38.21298174
1989,40,38.62095238
1989,41,39.33490566
1989,42,38.85789015
1989,43,39.56986398
1989,44,38.4418693
1989,45,38.86995869
1989,46,39.64480874
1989,47,38.64427025
1989,48,39.22152803
1989,49,38.66653659
1989,50,38.83734115
1989,51,38.64808802
1989,52,39.59977868
1990,1,39.47373156
1990,2,39.19659347
1990,3,38.76191422
1990,4,39.35319307
1990,5,38.50408315
1990,6,38.46892655
1990,7,38.76660682
1990,8,38.42225927
1990,9,39.1031941
1990,10,39.02223489
1990,11,38.35802469
1990,12,38.40637046
1990,13,38.00745287
1990,14,38.75562372
1990,15,39.52209558
1990,16,39.62657403
1990,17,38.13741722
1990,18,38.14075839
1990,19,39.52386473
1990,20,38.32817797
1990,21,38.57861511
1990,22,38.72224739
1990,23,39.39160708
1990,24,39.3787549
1990,25,39.44525414
1990,26,39.12932138
1990,27,39.00452117
1990,28,39.45178336
1990,29,38.97680624
1990,30,39.27748154
1990,31,38.96853511
1990,32,39.58428364
1990,33,39.78767773
1990,34,39.43935671
1990,35,38.83221066
1990,36,38.8619403
1990,37,38.94107779
1990,38,39.09633279
1990,39,39.75308642
1990,40,38.24165029
1990,41,39.24985081
1990,42,39.40489994
1990,43,38.92701567
1990,44,38.46306069
1990,45,39.00783173
1990,46,38.42576711
1990,47,39.30506033
1990,48,39.04985549
1990,49,38.55719237
1990,50,38.62679337
1990,51,39.0575631
1990,52,39.90966576
1991,1,39.43647235
1991,2,39.04977664
1991,3,39.02231878
1991,4,39.32014388
1991,5,38.4949975
1991,6,38.782988
1991,7,38.78247958
1991,8,39.05619875
1991,9,39.01840491
1991,10,38.69833436
1991,11,38.08431953
1991,12,38.19173103
1991,13,38.83175173
1991,14,39.00370209
1991,15,38.62469301
1991,16,37.97678876
1991,17,37.6369863
1991,18,37.71601674
1991,19,38.54715815
1991,20,38.38483771
1991,21,38.54336562
1991,22,39.13322185
1991,23,39.23685318
1991,24,39.06775934
1991,25,39.18957442
1991,26,39.26410741
1991,27,39.97322026
1991,28,39.58479789
1991,29,38.98067526
1991,30,39.31153184
1991,31,38.83666143
1991,32,38.75777778
1991,33,39.87129841
1991,34,39.3762605
1991,35,39.14744718
1991,36,38.65871691
1991,37,39.12581037
1991,38,39.04852617
1991,39,39.47287121
1991,40,38.18639798
1991,41,39.33940774
1991,42,38.40953839
1991,43,38.9517093
1991,44,38.98887765
1991,45,38.79197656
1991,46,39.6239709
1991,47,38.97857004
1991,48,39.17342298
1991,49,38.39633581
1991,50,38.98787035
1991,51,38.85610963
1991,52,39.70638443
1992,1,39.69339623
1992,2,39.25425979
1992,3,39.7091804
1992,4,38.91879131
1992,5,39.61813842
1992,6,39.11181796
1992,7,38.38452088
1992,8,38.41550956
1992,9,38.85679012
1992,10,39.20218138
1992,11,38.55993564
1992,12,38.12782341
1992,13,38.52582576
1992,14,38.64236958
1992,15,39.26475376
1992,16,38.82091318
1992,17,38.56346592
1992,18,37.94483294
1992,19,39.15637352
1992,20,38.91207002
1992,21,38.51561782
1992,22,39.60364515
1992,23,38.56232227
1992,24,38.49740933
1992,25,38.64260009
1992,26,38.67618587
1992,27,38.74085438
1992,28,38.24994127
1992,29,39.4814984
1992,30,39.50881157
1992,31,38.434681
1992,32,39.00837989
1992,33,39.03385537
1992,34,39.48914746
1992,35,39.58995277
1992,36,38.80563632
1992,37,39.33620871
1992,38,39.19170743
1992,39,39.07991803
1992,40,38.87795276
1992,41,38.65462325
1992,42,38.45004363
1992,43,39.31831538
1992,44,39.4812856
1992,45,39.04336735
1992,46,39.20496306
1992,47,39.14609433
1992,48,38.45157549
1992,49,38.77973568
1992,50,38.91981918
1992,51,39.0622084
1992,52,39.5571506
1992,53,39.32483731
1993,1,38.97793787
1993,2,38.34293948
1993,3,39.05887829
1993,4,38.28481602
1993,5,38.61166953
1993,6,39.13569682
1993,7,38.46927053
1993,8,38.55086372
1993,9,39.45979212
1993,10,39.17043024
1993,11,38.10516113
1993,12,38.17410714
1993,13,39.20230658
1993,14,39.36335265
1993,15,39.23776758
1993,16,38.5411296
1993,17,37.85421879
1993,18,38.94097616
1993,19,39.23606763
1993,20,38.71762208
1993,21,38.99305702
1993,22,38.55729702
1993,23,39.30812456
1993,24,38.94996779
1993,25,38.99241347
1993,26,38.8521974
1993,27,38.72098165
1993,28,39.83339867
1993,29,39.53847885
1993,30,39.24562162
1993,31,39.37279774
1993,32,39.46592065
1993,33,39.02137767
1993,34,39.13570887
1993,35,39.94005994
1993,36,39.2996988
1993,37,39.32165741
1993,38,38.88770509
1993,39,39.15067223
1993,40,38.58275631
1993,41,38.9218409
1993,42,39.14448237
1993,43,39.50136463
1993,44,39.55606024
1993,45,39.23999187
1993,46,39.65645695
1993,47,39.74190905
1993,48,39.23798883
1993,49,39.63107997
1993,50,39.20847991
1993,51,39.24862463
1993,52,41.07113655
1993,53,38.3979975
1994,1,39.14976415
1994,2,38.81094844
1994,3,39.20531243
1994,4,38.41741071
1994,5,39.42644588
1994,6,39.44200555
1994,7,40.11675127
1994,8,39.37431009
1994,9,38.67583314
1994,10,39.33825944
1994,11,38.35368611
1994,12,38.29522673
1994,13,38.64859526
1994,14,39.62425278
1994,15,38.80444444
1994,16,38.15754923
1994,17,37.86900159
1994,18,38.83415435
1994,19,38.32625834
1994,20,38.79943833
1994,21,38.97376543
1994,22,39.11515454
1994,23,38.99201278
1994,24,38.63148479
1994,25,38.99339207
1994,26,38.50606061
1994,27,38.97089118
1994,28,39.44461371
1994,29,39.47350696
1994,30,39.78395062
1994,31,38.7230371
1994,32,39.05287747
1994,33,39.33732219
1994,34,40.11383731
1994,35,39.61249145
1994,36,38.96973599
1994,37,39.03065452
1994,38,38.7978747
1994,39,38.355799
1994,40,39.4009128
1994,41,38.82015306
1994,42,39.5085885
1994,43,39.27293491
1994,44,38.23212748
1994,45,39.67236181
1994,46,38.7377897
1994,47,39.42083988
1994,48,38.53353102
1994,49,38.95497683
1994,50,39.25
1994,51,39.90709459
1994,52,40.02329795
1995,1,38.9141651
1995,2,39.36429872
1995,3,39.13858994
1995,4,39.44444444
1995,5,39.141542
1995,6,39.4890434
1995,7,38.51799035
1995,8,38.47806005
1995,9,38.35682327
1995,10,40.01137539
1995,11,39.11159889
1995,12,38.03982415
1995,13,38.48478016
1995,14,38.62607884
1995,15,38.72256473
1995,16,39.60410628
1995,17,38.22951252
1995,18,38.53666841
1995,19,38.96807034
1995,20,38.35527544
1995,21,38.58966773
1995,22,38.79026485
1995,23,38.96199214
1995,24,38.77557915
1995,25,38.9401184
1995,26,38.57402939
1995,27,39.10092933
1995,28,39.80990547
1995,29,39.25862463
1995,30,39.66105603
1995,31,38.85060427
1995,32,39.90334492
1995,33,39.2517321
1995,34,39.77242744
1995,35,39.16352498
1995,36,39.1922888
1995,37,39.07485451
1995,38,38.92088749
1995,39,38.58442795
1995,40,38.5799216
1995,41,40.03331127
1995,42,39.34176334
1995,43,39.77854024
1995,44,38.346544
1995,45,39.58514567
1995,46,39.25317186
1995,47,39.25750554
1995,48,39.09602573
1995,49,38.84711014
1995,50,39.53072871
1995,51,39.28864569
1995,52,41.60909091
1996,1,39.58537027
1996,2,39.85496559
1996,3,39.66624204
1996,4,40.2762944
1996,5,38.59963057
1996,6,38.95651173
1996,7,38.41269841
1996,8,39.52036501
1996,9,38.9427027
1996,10,38.94415918
1996,11,39.22119141
1996,12,38.76085339
1996,13,38.06512447
1996,14,38.3994677
1996,15,39.41986026
1996,16,38.7402964
1996,17,38.28765645
1996,18,38.93136297
1996,19,38.92799516
1996,20,38.06447831
1996,21,39.25643666
1996,22,38.88451777
1996,23,39.07872697
1996,24,39.51589595
1996,25,38.64708658
1996,26,39.21940463
1996,27,39.37400951
1996,28,39.6714032
1996,29,39.38438438
1996,30,39.75569312
1996,31,39.09590643
1996,32,39.08546829
1996,33,40.04099321
1996,34,40.18174392
1996,35,39.61757045
1996,36,38.98910271
1996,37,39.52126567
1996,38,38.87298748
1996,39,39.59482925
1996,40,38.76218545
1996,41,40.33619291
1996,42,39.63997851
1996,43,39.88629442
1996,44,39.54125616
1996,45,38.92932366
1996,46,39.49721207
1996,47,39.43067529
1996,48,39.28940799
1996,49,38.80186283
1996,50,39.79440789
1996,51,39.74034374
1996,52,41.08180202
1997,1,38.74375284
1997,2,39.57424275
1997,3,40.50977232
1997,4,39.34394493
1997,5,39.93150685
1997,6,39.12284784
1997,7,40.36912752
1997,8,38.78688525
1997,9,38.95157804
1997,10,39.70039508
1997,11,38.88032638
1997,12,38.47212337
1997,13,39.16111376
1997,14,39.7386231
1997,15,39.21598272
1997,16,38.35893684
1997,17,39.21488408
1997,18,38.70769985
1997,19,39.98241758
1997,20,39.01993704
1997,21,39.5225956
1997,22,39.32633021
1997,23,39.38458216
1997,24,39.85542659
1997,25,39.65853659
1997,26,39.57914573
1997,27,38.93650089
1997,28,39.73893805
1997,29,39.72204126
1997,30,40.23027633
1997,31,39.03655914
1997,32,39.17246318
1997,33,40.23964257
1997,34,40.30470302
1997,35,40.45018135
1997,36,39.68663594
1997,37,39.79050876
1997,38,39.28110394
1997,39,38.88780962
1997,40,39.41301574
1997,41,39.19610957
1997,42,39.87862177
1997,43,38.76867361
1997,44,39.24958882
1997,45,39.34251444
1997,46,39.51206039
1997,47,39.1336136
1997,48,39.57971307
1997,49,39.50176263
1997,50,39.36680782
1997,51,39.50945749
1997,52,39.6924737
1998,1,40.71935637
1998,2,39.44185059
1998,3,39.33161401
1998,4,39.6125731
1998,5,39.50043253
1998,6,39.41078838
1998,7,39.47174713
1998,8,39.68365554
1998,9,38.70691762
1998,10,39.52917903
1998,11,39.39132463
1998,12,38.28310011
1998,13,39.11015995
1998,14,39.50623202
1998,15,39.65303594
1998,16,40.1483376
1998,17,39.00647466
1998,18,39.14273375
1998,19,39.42662116
1998,20,39.10101211
1998,21,39.20291455
1998,22,39.77294007
1998,23,39.77022591
1998,24,40.06527121
1998,25,39.1626844
1998,26,39.38632619
1998,27,38.47880299
1998,28,39.54575818
1998,29,39.45716154
1998,30,39.98880681
1998,31,39.56413167
1998,32,39.99787325
1998,33,39.35668649
1998,34,40.24659864
1998,35,39.23309319
1998,36,39.44006999
1998,37,40.6518724
1998,38,39.1862811
1998,39,39.03139013
1998,40,39.24216028
1998,41,39.44219067
1998,42,38.98194677
1998,43,39.48497032
1998,44,40.0398327
1998,45,38.60531518
1998,46,39.34392828
1998,47,39.73809524
1998,48,39.95368655
1998,49,39.03311847
1998,50,39.57812169
1998,51,39.24202928
1998,52,40.69773176
1998,53,39.77647059
1999,1,39.49448124
1999,2,40.12733784
1999,3,39.27411063
1999,4,38.82073229
1999,5,39.77201067
1999,6,39.08278867
1999,7,39.471377
1999,8,38.58872846
1999,9,39.97054492
1999,10,39.63612736
1999,11,38.57783313
1999,12,39.08473783
1999,13,38.99168137
1999,14,39.51649863
1999,15,39.21851773
1999,16,39.18624891
1999,17,38.28194817
1999,18,39.4919722
1999,19,39.22457627
1999,20,38.53588517
1999,21,39.30637144
1999,22,39.12434326
1999,23,39.05938448
1999,24,39.06781533
1999,25,39.50307828
1999,26,39.16317016
1999,27,39.78311223
1999,28,39.97315436
1999,29,39.60478771
1999,30,39.52888161
1999,31,38.95134624
1999,32,39.9396462
1999,33,40.04380201
1999,34,40.21643007
1999,35,39.79161498
1999,36,39.04444444
1999,37,39.56138553
1999,38,39.80972516
1999,39,39.06887755
1999,40,38.97278107
1999,41,38.91471215
1999,42,39.46834959
1999,43,40.03132692
1999,44,39.44029005
1999,45,39.30830489
1999,46,39.54344057
1999,47,39.62840467
1999,48,39.4403358
1999,49,39.44987497
1999,50,39.84436494
1999,51,40
1999,52,41.51231946
1999,53,39.17108753
2000,1,39.60977702
2000,2,39.77801047
2000,3,40.24321038
2000,4,39.58185239
2000,5,39.39044876
2000,6,39.91994663
2000,7,39.26901201
2000,8,39.5636275
2000,9,39.0523633
2000,10,39.91677913
2000,11,38.62559242
2000,12,38.48448687
2000,13,38.8952381
2000,14,39.07593123
2000,15,39.46229508
2000,16,40.1110586
2000,17,39.73237262
2000,18,39.024961
2000,19,39.34134306
2000,20,38.95074503
2000,21,39.80089791
2000,22,39.12792159
2000,23,38.8543264
2000,24,39.44121591
2000,25,39.07136106
2000,26,38.99018904
2000,27,38.95255558
2000,28,39.51163757
2000,29,39.85756949
2000,30,39.81454006
2000,31,38.82673619
2000,32,39.66740088
2000,33,40.1934193
2000,34,40.03839205
2000,35,39.3618078
2000,36,39.1946461
2000,37,38.33894231
2000,38,39.38639125
2000,39,39.22939778
2000,40,38.68581769
2000,41,39.20552286
2000,42,38.97110064
2000,43,39.73588924
2000,44,39.0296496
2000,45,39.0113905
2000,46,39.78656854
2000,47,39.47368421
2000,48,39.61263796
2000,49,39.43332584
2000,50,39.65767833
2000,51,39.53336241
2000,52,40.33889041
2001,1,39.8488949
2001,2,39.68414126
2001,3,39.78309481
2001,4,40.07318561
2001,5,39.61624275
2001,6,38.85191348
2001,7,39.54744206
2001,8,39.96040584
2001,9,39.09134158
2001,10,38.96640224
2001,11,38.88809862
2001,12,39.33401903
2001,13,38.57004831
2001,14,39.28836175
2001,15,39.26640927
2001,16,39.27495817
2001,17,38.99342553
2001,18,38.53125726
2001,19,39.34928631
2001,20,38.2798574
2001,21,39.13387607
2001,22,38.79415921
2001,23,39.52618454
2001,24,39.78398983
2001,25,39.35070873
2001,26,38.5447417
2001,27,39.72777168
2001,28,39.37407172
2001,29,39.74982943
2001,30,39.81620314
2001,31,39.21860465
2001,32,39.58368915
2001,33,40.0118624
2001,34,39.74054855
2001,35,39.75335829
2001,36,39.5570984
2001,37,39.43363597
2001,38,39.11294232
2001,39,39.69654056
2001,40,38.92152256
2001,41,39.28128588
2001,42,39.73617021
2001,43,39.73316118
2001,44,38.81138252
2001,45,39.03339605
2001,46,39.69715698
2001,47,39.75102881
2001,48,39.56751825
2001,49,38.75998121
2001,50,39.60943542
2001,51,39.87593985
2001,52,41.13289037
2002,1,39.35566411
2002,2,39.90956364
2002,3,39.58380714
2002,4,39.21828172
2002,5,39.64656451
2002,6,38.724631
2002,7,39.45257092
2002,8,39.26885701
2002,9,39.81226533
2002,10,39.75637523
2002,11,39.55414013
2002,12,39.13087164
2002,13,39.58999484
2002,14,39.2803838
2002,15,40.09666283
2002,16,38.42485549
2002,17,38.55799373
2002,18,39.31416985
2002,19,39.9052831
2002,20,38.98766581
2002,21,39.16759404
2002,22,39.09843824
2002,23,39.76226994
2002,24,39.7532014
2002,25,39.2654935
2002,26,39.11015941
2002,27,39.61860236
2002,28,39.61377385
2002,29,39.58976834
2002,30,39.91736588
2002,31,39.96981658
2002,32,39.85865724
2002,33,39.66289243
2002,34,39.6343361
2002,35,39.56369983
2002,36,39.69064748
2002,37,39.1149033
2002,38,39.03225806
2002,39,38.70606671
2002,40,39.07600407
2002,41,39.59149142
2002,42,39.97474216
2002,43,40.31336224
2002,44,39.57519116
2002,45,39.02381514
2002,46,40.04259635
2002,47,39.40947304
2002,48,39.48297737
2002,49,39.40755369
2002,50,40.09094584
2002,51,40.14360567
2002,52,39.90088859
2003,1,39.70352369
2003,2,39.9154334
2003,3,39.57305503
2003,4,39.70765885
2003,5,39.60225815
2003,6,39.42354076
2003,7,39.99350987
2003,8,39.97063861
2003,9,39.83988355
2003,10,39.06022845
2003,11,39.34668574
2003,12,39.21650562
2003,13,38.50746269
2003,14,39.1521631
2003,15,39.01450725
2003,16,39.24946004
2003,17,39.74592137
2003,18,39.00957661
2003,19,40.03333333
2003,20,39.16013438
2003,21,39.2375
2003,22,39.56079272
2003,23,39.25335988
2003,24,40.12861736
2003,25,39.44712699
2003,26,39.46003301
2003,27,39.2152962
2003,28,39.93100167
2003,29,39.54348322
2003,30,40.3715097
2003,31,39.50873639
2003,32,39.2382476
2003,33,40.05390836
2003,34,39.91636174
2003,35,40.42514345
2003,36,39.5280083
2003,37,39.73753281
2003,38,39.27757521
2003,39,39.30427125
2003,40,38.86138614
2003,41,40.12768817
2003,42,38.60396767
2003,43,39.61412688
2003,44,40.05418925
2003,45,39.09795102
2003,46,39.58176692
2003,47,39.7209721
2003,48,39.80536246
2003,49,39.02795924
2003,50,39.6985521
2003,51,39.55141769
2003,52,39.99660902
2004,1,38.97829539
2004,2,39.92956036
2004,3,40.04108108
2004,4,39.69801862
2004,5,39.53475336
2004,6,39.94095941
2004,7,39.7193322
2004,8,39.84291642
2004,9,39.7334004
2004,10,39.78687605
2004,11,40.21755072
2004,12,39.93619332
2004,13,39.38586652
2004,14,39.86773216
2004,15,39.36651584
2004,16,39.3799682
2004,17,39.42186317
2004,18,39.07633588
2004,19,40.23481368
2004,20,39.36394381
2004,21,38.97878293
2004,22,39.91817724
2004,23,40.21392506
2004,24,39.68846611
2004,25,39.42850311
2004,26,39.37397804
2004,27,39.47268794
2004,28,39.27467301
2004,29,40.665
2004,30,39.77789391
2004,31,39.65723189
2004,32,39.87264673
2004,33,40.06186984
2004,34,40.15196811
2004,35,40.24535124
2004,36,39.77564103
2004,37,39.25473004
2004,38,39.73339358
2004,39,39.38250429
2004,40,39.28515112
2004,41,39.97727273
2004,42,40.01508621
2004,43,40.03301056
2004,44,40.1098759
2004,45,39.77934687
2004,46,39.69727805
2004,47,40.16889669
2004,48,40.30229157
2004,49,40.04638672
2004,50,40.23821721
2004,51,41.00791783
2004,52,41.12429379
2004,53,41.4118896
2005,1,39.47173798
2005,2,39.62846042
2005,3,40.11338963
2005,4,39.88318944
2005,5,40.43579314
2005,6,40.15278839
2005,7,40.02294236
2005,8,39.62921348
2005,9,39.60495283
2005,10,39.7965033
2005,11,39.58157821
2005,12,39.4969697
2005,13,40.37865236
2005,14,39.94337486
2005,15,39.70457516
2005,16,38.92167382
2005,17,39.37025239
2005,18,39.60140048
2005,19,39.12455334
2005,20,39.52368952
2005,21,39.11466261
2005,22,39.86724387
2005,23,39.71679956
2005,24,39.16392197
2005,25,39.50966184
2005,26,39.66442953
2005,27,39.18565069
2005,28,39.47319129
2005,29,39.99171271
2005,30,40.63012973
2005,31,39.5713108
2005,32,40.07736944
2005,33,40.20994475
2005,34,40.16053858
2005,35,40.00574548
2005,36,39.8943755
2005,37,39.76104272
2005,38,38.98902821
2005,39,39.2340628
2005,40,39.55834242
2005,41,39.80040942
2005,42,39.84753146
2005,43,40.43775984
2005,44,38.91782554
2005,45,40.34233752
2005,46,39.26878808
2005,47,40.3286829
2005,48,39.12887522
2005,49,39.61991172
2005,50,40.24261845
2005,51,40.33324447
2005,52,42.26207556
2005,53,39.45512821
2006,1,39.68400981
2006,2,40.04659591
2006,3,39.69265794
2006,4,40.28500277
2006,5,40.03954974
2006,6,40.25568182
2006,7,40.30187573
2006,8,40.00597729
2006,9,39.68476821
2006,10,39.88403452
2006,11,38.83339094
2006,12,39.6737841
2006,13,39.48441926
2006,14,39.22318841
2006,15,40.34063981
2006,16,39.86455236
2006,17,39.30400723
2006,18,40.06432749
2006,19,40.23582257
2006,20,39.54966887
2006,21,39.77105478
2006,22,39.91050808
2006,23,39.7992074
2006,24,39.53718354
2006,25,39.58487347
2006,26,39.8318872
2006,27,39.60284061
2006,28,40.31171758
2006,29,39.68952135
2006,30,40.39275766
2006,31,39.91185897
2006,32,40.03856041
2006,33,40.54713805
2006,34,40.39892825
2006,35,39.60315144
2006,36,39.79178234
2006,37,39.93732765
2006,38,39.75717439
2006,39,39.4775
2006,40,39.93265993
2006,41,39.69046973
2006,42,39.52332399
2006,43,40.23053973
2006,44,39.22017085
2006,45,40.01807384
2006,46,39.65223735
2006,47,40.12965186
2006,48,40.15846995
2006,49,39.31192661
2006,50,39.94469583
2006,51,40.28343211
2006,52,40.25427261
2007,1,39.77652127
2007,2,39.75558238
2007,3,40.50369559
2007,4,40.10880829
2007,5,40.01559657
2007,6,39.82484948
2007,7,39.93077189
2007,8,39.83958935
2007,9,39.02727273
2007,10,39.25648415
2007,11,38.99020979
2007,12,39.75206612
2007,13,39.87477639
2007,14,39.81132075
2007,15,39.77232407
2007,16,39.15911665
2007,17,39.29869392
2007,18,39.12193779
2007,19,39.47481243
2007,20,39.40975192
2007,21,39.40363242
2007,22,40.03477253
2007,23,39.56292168
2007,24,39.93064157
2007,25,39.94970092
2007,26,39.65450525
2007,27,39.73012614
2007,28,40.26352097
2007,29,39.91184573
2007,30,40.30475648
2007,31,39.57034796
2007,32,39.31523022
2007,33,40.97506925
2007,34,40.31578947
2007,35,39.91813602
2007,36,40.12238806
2007,37,39.79009236
2007,38,39.5931359
2007,39,39.38998402
2007,40,39.93311037
2007,41,39.73908111
2007,42,39.12222222
2007,43,39.73651772
2007,44,39.37682855
2007,45,39.48991191
2007,46,39.63426608
2007,47,39.62192337
2007,48,40.09266216
2007,49,39.54009434
2007,50,39.72958501
2007,51,40.22216414
2007,52,40.64201335
2008,1,39.15777329
2008,2,39.22519192
2008,3,40.04009164
2008,4,38.93412057
2008,5,39.94897959
2008,6,38.90026323
2008,7,39.58503799
2008,8,39.81420438
2008,9,39.3599493
2008,10,39.609961
2008,11,39.25947522
2008,12,39.69176883
2008,13,40.73025856
2008,14,39.1589896
2008,15,39.52437574
2008,16,39.01853123
2008,17,38.9231738
2008,18,39.13321168
2008,19,39.74172954
2008,20,38.71043376
2008,21,38.78033206
2008,22,40.38709677
2008,23,39.46044256
2008,24,39.59044369
2008,25,38.7797619
2008,26,38.52252252
2008,27,38.99299475
2008,28,40.11319631
2008,29,38.84577114
2008,30,39.31409063
2008,31,39.74917393
2008,32,38.91612522
2008,33,38.89165629
2008,34,39.64717742
2008,35,39.96448864
2008,36,39.52584976
2008,37,39.18195489
2008,38,38.38244137
2008,39,38.24149353
2008,40,39.09667674
2008,41,39.01037286
2008,42,38.51439183
2008,43,38.45917226
2008,44,39.8203125
2008,45,39.02125775
2008,46,38.83405483
2008,47,39.41664199
2008,48,39.85729967
2008,49,39.18432511
2008,50,39.45509893
2008,51,38.8789771
2008,52,40.74198181
2009,1,39.0458302
2009,2,38.97970849
2009,3,39.06332842
2009,4,39.67969439
2009,5,38.76049714
2009,6,38.58118597
2009,7,38.59045849
2009,8,39.18640183
2009,9,38.80062918
2009,10,39.14333333
2009,11,39.62392109
2009,12,37.93160145
2009,13,37.89072848
2009,14,38.97178916
2009,15,39.25373134
2009,16,39.09399773
2009,17,38.20641913
2009,18,38.75513428
2009,19,38.72762148
2009,20,38.98718349
2009,21,38.15025441
2009,22,39.15121951
2009,23,39.12818955
2009,24,39.51130116
2009,25,38.65740741
2009,26,39.20986883
2009,27,39.05660377
2009,28,39.14402174
2009,29,39.48942598
2009,30,39.56120092
2009,31,39.19344043
2009,32,38.58245831
2009,33,38.80847029
2009,34,39.6269867
2009,35,39.31157078
2009,36,39.24366872
2009,37,39.14129111
2009,38,38.73279099
2009,39,38.09009565
2009,40,38.66844208
2009,41,39.49393312
2009,42,38.55973317
2009,43,39.20127796
2009,44,38.92199531
2009,45,39.15648633
2009,46,39.30519667
2009,47,39.18699187
2009,48,39.3615257
2009,49,38.85039853
2009,50,38.7720633
2009,51,39.87496365
2009,52,41.47154095
2009,53,39.47817837
2010,1,39.26619133
2010,2,39.47826087
2010,3,38.71734893
2010,4,39.41534302
2010,5,39.63704206
2010,6,38.62005179
2010,7,40.22161609
2010,8,39.07918309
2010,9,39.45875327
2010,10,38.9346839
2010,11,38.25008983
2010,12,38.353595
2010,13,38.42273535
2010,14,38.58970359
2010,15,39.12403386
2010,16,38.33277198
2010,17,37.87161109
2010,18,38.27735645
2010,19,39.05799423
2010,20,38.988799
2010,21,38.56759176
2010,22,39.29802438
2010,23,38.68386243
2010,24,38.05003207
2010,25,38.20595099
2010,26,38.57247976
2010,27,38.44299674
2010,28,39.04458599
2010,29,39.03716216
2010,30,38.78128214
2010,31,38.56569709
2010,32,39.74454829
2010,33,39.58486776
2010,34,39.03958469
2010,35,39.5112782
2010,36,38.52715557
2010,37,38.35551331
2010,38,38.64107252
2010,39,38.79567842
2010,40,38.39099217
2010,41,38.19488818
2010,42,38.55766335
2010,43,38.95334174
2010,44,39.00877835
2010,45,38.87748344
2010,46,38.94825647
2010,47,39.14038343
2010,48,38.89901823
2010,49,38.47240051
2010,50,39.50604839
2010,51,40.84513923
2010,52,40.18627451
2010,53,39.72850679
2011,1,38.4739369
2011,2,38.31279945
2011,3,39.56146179
2011,4,38.25554705
2011,5,38.33333333
2011,6,38.74642062
2011,7,38.72109827
2011,8,39.50622084
2011,9,38.52920479
2011,10,38.37458441
2011,11,37.96547925
2011,12,38.16283925
2011,13,38.32457293
2011,14,38.34611537
2011,15,38.74318925
2011,16,38.70596442
2011,17,38.38983051
2011,18,38.06270997
2011,19,38.42214533
2011,20,37.70863309
2011,21,37.89364641
2011,22,38.85510511
2011,23,38.21652065
2011,24,38.45538855
2011,25,38.46434494
2011,26,37.86465177
2011,27,38.06023316
2011,28,38.4694866
2011,29,38.51114923
2011,30,38.98769772
2011,31,38.92646603
2011,32,39.28723404
2011,33,39.24465733
2011,34,39.28
2011,35,39.70258922
2011,36,38.1523938
2011,37,38.74513327
2011,38,38.89955434
2011,39,38.20941242
2011,40,38.23709239
2011,41,38.0758988
2011,42,37.88146693
2011,43,38.73507583
2011,44,38.30919502
2011,45,38.48496101
2011,46,37.9106483
2011,47,38.5777027
2011,48,38.57711443
2011,49,38.8360713
2011,50,39.46674151
2011,51,38.01171875
2011,52,38.9488117
2012,1,38.41819416
2012,2,38.3915575
2012,3,38.06719778
2012,4,38.89428076
2012,5,38.29523441
2012,6,39.19470293
2012,7,38.91313298
2012,8,38.24625502
2012,9,38.29153035
2012,10,38.21515047
2012,11,38.25086306
2012,12,38.03069054
2012,13,37.46798976
2012,14,39.25009972
2012,15,38.59872611
2012,16,38.51576994
2012,17,38.43016961
2012,18,38.87227162
2012,19,38.87596899
2012,20,38.3143508
2012,21,38.33992095
2012,22,38.02022179
2012,23,38.51179673
2012,24,38.3373913
2012,25,39.07282416
2012,26,37.74836838
2012,27,38.34117647
2012,28,38.74717469
2012,29,38.65767045
2012,30,38.86137022
2012,31,38.2948341
2012,32,38.47142857
2012,33,38.94219872
2012,34,39.35508061
2012,35,38.72234118
2012,36,38.85940594
2012,37,38.5790789
2012,38,38.02588997
2012,39,38.00701531
2012,40,38.47791798
2012,41,38.16112084
2012,42,38.17791005
2012,43,38.4140653
2012,44,38.48507463
2012,45,38.59364435
2012,46,38.51412626
2012,47,38.69578981
2012,48,38.90949792
2012,49,38.26055576
2012,50,37.88306452
2012,51,38.43985578
2012,52,40.52230686
2013,1,38.40826245
2013,2,38.38017174
2013,3,39.44131659
2013,4,39.14995224
2013,5,38.41580361
2013,6,38.49891226
2013,7,38.86014248
2013,8,39.00961538
2013,9,39.26690079
2013,10,38.46101231
2013,11,38.81677879
2013,12,39.22107159
2013,13,38.4180791
2013,14,37.91959407
2013,15,38.48915989
2013,16,37.6468254
2013,17,38.00564061
2013,18,38.09262166
2013,19,38.33168806
2013,20,37.95245399
2013,21,38.73801304
2013,22,38.8278231
2013,23,38.52094718
2013,24,38.5245323
2013,25,38.16939891
2013,26,38.16689944
2013,27,38.65003668
2013,28,38.99749373
2013,29,38.54273068
2013,30,38.92831541
2013,31,39.19070813
2013,32,38.09621993
2013,33,39.02857143
2013,34,39.02521641
2013,35,38.15666547
2013,36,38.48761905
2013,37,38.55505384
2013,38,38.19324713
2013,39,37.84632434
2013,40,37.72281276
2013,41,38.98706897
2013,42,37.8011658
2013,43,38.91723912
2013,44,38.69804191
2013,45,37.93859649
2013,46,38.52718287
2013,47,37.91408935
2013,48,38.4101233
2013,49,38.91469764
2013,50,38.01288572
2013,51,38.59002858
2013,52,40.85910653
2014,1,38.73115116
2014,2,38.05076142
2014,3,38.79509871
2014,4,37.99789989
2014,5,37.74581209
2014,6,37.79269202
2014,7,38.45454545
2014,8,38.6299081
2014,9,37.67458603
2014,10,37.48382459
2014,11,38.0673109
2014,12,37.66095238
2014,13,37.63817244
2014,14,38.29007634
2014,15,38.29619921
2014,16,38.46424385
2014,17,38.53551476
2014,18,37.7190274
2014,19,38.24215901
2014,20,37.92281142
2014,21,38.0495356
2014,22,38.66423061
2014,23,38.63586759
2014,24,38.04400138
2014,25,37.77816171
2014,26,37.84530387
2014,27,38.3546004
2014,28,38.43144166
2014,29,38.67010309
2014,30,38.60946746
2014,31,37.90458716
2014,32,38.3096262
2014,33,38.91995806
2014,34,38.98826979
2014,35,39.50018932
2014,36,38.40698106
2014,37,38.32811957
2014,38,37.85330948
2014,39,37.40007202
2014,40,37.85433774
2014,41,38.52146264
2014,42,37.74365821
2014,43,37.76501112
2014,44,39.10049423
2014,45,37.87376587
2014,46,38.10739145
2014,47,38.00980392
2014,48,38.36387014
2014,49,38.45154103
2014,50,38.70156356
2014,51,38.1787176
2014,52,39.22413793
2015,1,38.63809524
2015,2,37.99220963
2015,3,38.69814503
2015,4,38.28571429
2015,5,38.09298947
2015,6,38.33394766
2015,7,37.62811127
2015,8,38.87890625
2015,9,38.13737374
2015,10,37.99485861
2015,11,37.5297986
2015,12,37.38847986
2015,13,37.69352291
2015,14,38.70954182
2015,15,38.14574068
2015,16,37.7209671
2015,17,37.90912318
2015,18,37.59116022
2015,19,38.83256528
2015,20,37.74449036
2015,21,37.95655376
2015,22,38.57453281
2015,23,38.06520198
2015,24,38.93775624
2015,25,37.67165324
2015,26,38.41218638
2015,27,37.83211679
2015,28,38.41025641
2015,29,38.32745236
2015,30,39.25964912
2015,31,38.7746891
2015,32,37.56308851
2015,33,39.22959573
2015,34,39.4622824
2015,35,39.12096168
2015,36,38.03756228
2015,37,38.14907275
2015,38,37.87431319
2015,39,37.99599198
2015,40,37.7980703
2015,41,37.74590164
2015,42,37.45762712
2015,43,38.14569536
2015,44,38.72980083
2015,45,38.045085
2015,46,38.10272537
2015,47,37.90523691
2015,48,37.67362299
2015,49,37.96811272
2015,50,38.70294447
2015,51,37.70251397
2015,52,38.28251121
2015,53,37.38138686
2016,1,38.41439304
2016,2,38.24503311
2016,3,37.77736686
2016,4,37.65128593
2016,5,38.2017729
2016,6,38.24702723
2016,7,38.65648257
2016,8,37.71370143
2016,9,37.76184787
2016,10,37.58928571
2016,11,37.22830666
2016,12,38.39403247
2016,13,38.46397466
2016,14,37.88732394
2016,15,37.33768728
2016,16,37.71662763
2016,17,37.51677852
2016,18,37.91192103
2016,19,37.31652239
2016,20,37.40814696
2016,21,38.00969064
2016,22,38.36148649
2016,23,37.67389678
2016,24,38.31104318
2016,25,37.98711145
2016,26,37.89755352
2016,27,37.63987392
2016,28,37.7380531
2016,29,38.50086957
2016,30,38.29090909
2016,31,38.09025271
2016,32,37.8878012
2016,33,39.37196262
2016,34,38.640625
2016,35,38.61362741
2016,36,37.96127563
2016,37,38.21727019
2016,38,37.72538665
2016,39,37.871413
2016,40,38.47432582
2016,41,37.52170767
2016,42,38.32043344
2016,43,38.65284974
2016,44,38.26990839
2016,45,38.08371736
2016,46,37.33917144
2016,47,37.1393813
2016,48,36.7893864
2016,49,38.06683435
2016,50,37.09379616
2016,51,37.40331492
2016,52,38.4448952
2016,53,37.42564103
2017,1,37.19172297
2017,2,37.32405567
2017,3,37.24306077
2017,4,37.69823789
2017,5,37.61475088
2017,6,37.79606584
2017,7,37.61448793
2017,8,36.83538732
2017,9,37.07794607
2017,10,37.28595179
2017,11,35.97566093
2017,12,36.92735212
2017,13,36.72325306
2017,14,37.05907719
2017,15,37.09937332
2017,16,36.27602906
2017,17,36.57540017
2017,18,37.31430805
2017,19,37.97795676
2017,20,36.88228204
2017,21,37.37793852
2017,22,37.38499793
2017,23,36.87814313
2017,24,37.12153518
2017,25,37.23592197
2017,26,37.43400621
2017,27,37.41247485
2017,28,37.06306991
2017,29,37.88141994
2017,30,37.75590551
2017,31,36.63690476
2017,32,37.65997728
2017,33,38.40993789
2017,34,37.67636684
2017,35,37.48483623
2017,36,37.58510212
2017,37,37.1507498
2017,38,37.0253651
2017,39,36.44673793
2017,40,36.96074464
2017,41,37.12867191
2017,42,36.64488855
2017,43,37.806245
2017,44,37.13928274
2017,45,36.94047619
2017,46,36.79272727
2017,47,37.22494744
2017,48,37.97659494
2017,49,37.03847649
2017,50,37.60638298
2017,51,37.59556104
2017,52,38.70915033
2018,1,37.69398431
2018,2,37.23967684
2018,3,37.83214002
2018,4,37.02401372
2018,5,37.02925046
2018,6,37.14342002
2018,7,37.80456853
2018,8,36.59330582
2018,9,37.86666667
2018,10,36.6847147
2018,11,36.44485807
2018,12,36.07962529
2018,13,37.34968735
2018,14,37.2246696
2018,15,37.08370837
2018,16,37.28451564
2018,17,37.21450963
2018,18,36.57315494
2018,19,37.30693069
2018,20,36.65271967
2018,21,36.5256917
2018,22,37.53195674
2018,23,37.50399361
2018,24,36.51739304
2018,25,37.1124855
2018,26,37.16838488
2018,27,37.34513274
2018,28,37.43672157
2018,29,36.87853722
2018,30,37.85268414
2018,31,37.1620487
2018,32,36.85604443
2018,33,37.71696252
2018,34,38.69643663
2018,35,37.46446584
2018,36,36.56108597
2018,37,36.85771543
2018,38,36.90408741
2018,39,36.52551985
2018,40,37.12862711
2018,41,37.46461787
2018,42,37.48079256
2018,43,37.12351946
2018,44,37.58605275
2018,45,36.94208181
2018,46,37.06802189
2018,47,36.34584665
2018,48,36.86013986
2018,49,36.66512915
2018,50,36.64881408
2018,51,36.74908796
2018,52,37.2226051
2019,1,36.11663732
2019,2,36.99584104
2019,3,37.57791913
2019,4,36.36435125
2019,5,36.24036281
2019,6,36.83284086
2019,7,36.74201576
2019,8,37.56823475
2019,9,35.966795
2019,10,36.26145203
2019,11,36.91087261
2019,12,36.34321224
2019,13,36.51015901
2019,14,36.71755389
2019,15,36.72051836
2019,16,37.85878411
2019,17,36.32734531
2019,18,36.34393064
2019,19,36.00977995
2019,20,36.36089578
2019,21,36.7514919
2019,22,37.48279404
2019,23,36.86401869
2019,24,37.10491368
2019,25,36.34795699
2019,26,36.35262505
2019,27,37.04727921
2019,28,36.36533085
2019,29,37.24528302
2019,30,37.563605
2019,31,36.88961892
2019,32,36.81810491
2019,33,37.13039263
2019,34,38.11970293
2019,35,37.77737059
2019,36,37.28437191
2019,37,36.62135113
2019,38,36.92555641
2019,39,37.3580298
2019,40,36.47121142
2019,41,36.38082316
2019,42,35.94644317
2019,43,36.83333333
2019,44,36.77274725
2019,45,36.4120758
2019,46,36.50295625
2019,47,36.55963303
2019,48,36.42330827
2019,49,36.87218722
2019,50,35.85322976
2019,51,37.53526149
2019,52,37.41865358
2020,1,35.92050209
2020,2,36.41744548
2020,3,36.40850722
2020,4,37.06934147
2020,5,36.49356618
2020,6,36.558401
2020,7,36.52725564
2020,8,37.21553611
2020,9,37.07099486
2020,10,35.2918883
2020,11,35.68147778
2020,12,36.52677279
2020,13,37.26608187
2020,14,36.28583062
2020,15,35.68313953
2020,16,36.27717391
2020,17,34.9790795
2020,18,36.37604246
2020,19,35.57814485
2020,20,35.96949891
2020,21,35.36984353
2020,22,36.87198068
2020,23,35.88723051
2020,24,36.64387464
2020,25,36.05150215
2020,26,36.44502618
2020,27,36.08484848
2020,28,36.53782441
2020,29,36.05070423
2020,30,36.44349223
2020,31,36.95098039
2020,32,36.32107023
2020,33,36.91325173
2020,34,37.0030896
2020,35,37.39433118
2020,36,36.37139108
2020,37,36.65848871
2020,38,35.57404255
2020,39,35.8041958
2020,40,35.94513716
2020,41,35.01971831
2020,42,35.71287129
2020,43,35.8962698
2020,44,36.12607759
2020,45,36.8008449
2020,46,35.91126837
2020,47,35.51506373
2020,48,36.14782097
2020,49,36.38152866
2020,50,36.30649351
2020,51,35.65088757
2020,52,36.70949721
2020,53,37.11213518
